date,symbol,equity,cash,positions
2020-01-02,GOOGL,100000,100000,0
2020-01-03,GOOGL,100000,100000,0
2020-01-06,GOOGL,100000,100000,0
2020-01-07,GOOGL,100000,100000,0
2020-01-08,GOOGL,100000,100000,0
2020-01-09,GOOGL,100000,100000,0
2020-01-10,GOOGL,100000,100000,0
2020-01-13,GOOGL,100000,100000,0
2020-01-14,GOOGL,100000,100000,0
2020-01-15,GOOGL,100000,100000,0
2020-01-16,GOOGL,100000,100000,0
2020-01-17,GOOGL,100000,100000,0
2020-01-21,GOOGL,100000,100000,0
2020-01-22,GOOGL,100000,100000,0
2020-01-23,GOOGL,100000,100000,0
2020-01-24,GOOGL,100000,100000,0
2020-01-27,GOOGL,100000,100000,0
2020-01-28,GOOGL,100000,100000,0
2020-01-29,GOOGL,100000,100000,0
2020-01-30,GOOGL,100000,100000,0
2020-01-31,GOOGL,100000,100000,0
2020-02-03,GOOGL,100000,100000,0
2020-02-04,GOOGL,100000,100000,0
2020-02-05,GOOGL,100000,100000,0
2020-02-06,GOOGL,100000,100000,0
2020-02-07,GOOGL,100000,100000,0
2020-02-10,GOOGL,100000,100000,0
2020-02-11,GOOGL,100000,100000,0
2020-02-12,GOOGL,100000,100000,0
2020-02-13,GOOGL,100000,100000,0
2020-02-14,GOOGL,100000,100000,0
2020-02-18,GOOGL,100000,100000,0
2020-02-19,GOOGL,100000,100000,0
2020-02-20,GOOGL,100000,100000,0
2020-02-21,GOOGL,100000,100000,0
2020-02-24,GOOGL,100000,100000,0
2020-02-25,GOOGL,100000,100000,0
2020-02-26,GOOGL,100000,100000,0
2020-02-27,GOOGL,100000,100000,0
2020-02-28,GOOGL,90197.49,90018.1,1
2020-03-02,GOOGL,90554.62,90018.1,1
2020-03-03,GOOGL,100531.26,100531.26,0
2020-03-04,GOOGL,90832.83,90509.26,1
2020-03-05,GOOGL,90332.32,90509.26,1
2020-03-06,GOOGL,90189.9,90509.26,1
2020-03-09,GOOGL,89622.89,90242.4,1
2020-03-10,GOOGL,90110.74,89629.84,1
2020-03-11,GOOGL,89584.86,89629.84,1
2020-03-12,GOOGL,88771.94,89629.84,1
2020-03-13,GOOGL,89755.53,88848.66,1
2020-03-16,GOOGL,99621.9,99621.9,0
2020-03-17,GOOGL,99621.9,99621.9,0
2020-03-18,GOOGL,99621.9,99621.9,0
2020-03-19,GOOGL,99621.9,99621.9,0
2020-03-20,GOOGL,99621.9,99621.9,0
2020-03-23,GOOGL,99621.9,99621.9,0
2020-03-24,GOOGL,99621.9,99621.9,0
2020-03-25,GOOGL,99621.9,99621.9,0
2020-03-26,GOOGL,99621.9,99621.9,0
2020-03-27,GOOGL,99621.9,99621.9,0
2020-03-30,GOOGL,99621.9,99621.9,0
2020-03-31,GOOGL,99621.9,99621.9,0
2020-04-01,GOOGL,99621.9,99621.9,0
2020-04-02,GOOGL,99621.9,99621.9,0
2020-04-03,GOOGL,99621.9,99621.9,0
2020-04-06,GOOGL,99621.9,99621.9,0
2020-04-07,GOOGL,99621.9,99621.9,0
2020-04-08,GOOGL,99621.9,99621.9,0
2020-04-09,GOOGL,99621.9,99621.9,0
2020-04-13,GOOGL,99621.9,99621.9,0
2020-04-14,GOOGL,99621.9,99621.9,0
2020-04-15,GOOGL,99621.9,99621.9,0
2020-04-16,GOOGL,99621.9,99621.9,0
2020-04-17,GOOGL,99621.9,99621.9,0
2020-04-20,GOOGL,109708.76,109574.77,1
2020-04-21,GOOGL,110090.18,109574.77,1
2020-04-22,GOOGL,110085.46,110085.46,0
2020-04-23,GOOGL,120946.34,121063.2,1
2020-04-24,GOOGL,120898.95,121063.2,1
2020-04-27,GOOGL,120949.05,121063.2,1
2020-04-28,GOOGL,121283.06,121063.2,1
2020-04-29,GOOGL,120326.58,121063.2,1
2020-04-30,GOOGL,120320.72,120320.72,0
2020-05-01,GOOGL,120320.72,120320.72,0
2020-05-04,GOOGL,120320.72,120320.72,0
2020-05-05,GOOGL,120320.72,120320.72,0
2020-05-06,GOOGL,120320.72,120320.72,0
2020-05-07,GOOGL,120320.72,120320.72,0
2020-05-08,GOOGL,120320.72,120320.72,0
2020-05-11,GOOGL,120320.72,120320.72,0
2020-05-12,GOOGL,132523.0,132286.66,1
2020-05-13,GOOGL,132752.02,132286.66,1
2020-05-14,GOOGL,132679.26,132286.66,1
2020-05-15,GOOGL,132541.08,132286.66,1
2020-05-18,GOOGL,132437.71,132286.66,1
2020-05-19,GOOGL,132529.65,132286.66,1
2020-05-20,GOOGL,132233.17,132286.66,1
2020-05-21,GOOGL,132253.72,132286.66,1
2020-05-22,GOOGL,132198.37,132286.66,1
2020-05-26,GOOGL,132129.02,132286.66,1
2020-05-27,GOOGL,132138.32,132286.66,1
2020-05-28,GOOGL,132155.72,132286.66,1
2020-05-29,GOOGL,132025.39,132286.66,1
2020-06-01,GOOGL,132019.27,132019.27,0
2020-06-02,GOOGL,132019.27,132019.27,0
2020-06-03,GOOGL,145194.51,145173.17,1
2020-06-04,GOOGL,145422.17,145173.17,1
2020-06-05,GOOGL,145187.49,145173.17,1
2020-06-08,GOOGL,145114.31,145173.17,1
2020-06-09,GOOGL,145077.45,145173.17,1
2020-06-10,GOOGL,144962.29,145173.17,1
2020-06-11,GOOGL,145535.32,145173.17,1
2020-06-12,GOOGL,145434.77,145173.17,1
2020-06-15,GOOGL,145363.41,145173.17,1
2020-06-16,GOOGL,145128.63,145173.17,1
2020-06-17,GOOGL,145073.25,145173.17,1
2020-06-18,GOOGL,145241.32,145173.17,1
2020-06-19,GOOGL,145327.82,145173.17,1
2020-06-22,GOOGL,145090.4,145173.17,1
2020-06-23,GOOGL,144968.86,145173.17,1
2020-06-24,GOOGL,145254.28,145173.17,1
2020-06-25,GOOGL,145177.63,145173.17,1
2020-06-26,GOOGL,145894.46,145173.17,1
2020-06-29,GOOGL,145888.24,145888.24,0
2020-06-30,GOOGL,145888.24,145888.24,0
2020-07-01,GOOGL,145888.24,145888.24,0
2020-07-02,GOOGL,145888.24,145888.24,0
2020-07-06,GOOGL,145888.24,145888.24,0
2020-07-07,GOOGL,145888.24,145888.24,0
2020-07-08,GOOGL,145888.24,145888.24,0
2020-07-09,GOOGL,145888.24,145888.24,0
2020-07-10,GOOGL,145888.24,145888.24,0
2020-07-13,GOOGL,145888.24,145888.24,0
2020-07-14,GOOGL,145888.24,145888.24,0
2020-07-15,GOOGL,145888.24,145888.24,0
2020-07-16,GOOGL,145888.24,145888.24,0
2020-07-17,GOOGL,145888.24,145888.24,0
2020-07-20,GOOGL,159941.6,160398.6,1
2020-07-21,GOOGL,175974.56,175901.64,1
2020-07-22,GOOGL,175883.34,175901.64,1
2020-07-23,GOOGL,176374.7,175901.64,1
2020-07-24,GOOGL,176461.95,175901.64,1
2020-07-27,GOOGL,176245.17,175901.64,1
2020-07-28,GOOGL,176508.53,175901.64,1
2020-07-29,GOOGL,176305.65,175901.64,1
2020-07-30,GOOGL,176153.84,175901.64,1
2020-07-31,GOOGL,176668.91,175901.64,1
2020-08-03,GOOGL,176721.93,175901.64,1
2020-08-04,GOOGL,176714.36,176714.36,0
2020-08-05,GOOGL,176714.36,176714.36,0
2020-08-06,GOOGL,176714.36,176714.36,0
2020-08-07,GOOGL,176714.36,176714.36,0
2020-08-10,GOOGL,176714.36,176714.36,0
2020-08-11,GOOGL,176714.36,176714.36,0
2020-08-12,GOOGL,176714.36,176714.36,0
2020-08-13,GOOGL,176714.36,176714.36,0
2020-08-14,GOOGL,176714.36,176714.36,0
2020-08-17,GOOGL,176714.36,176714.36,0
2020-08-18,GOOGL,176714.36,176714.36,0
2020-08-19,GOOGL,176714.36,176714.36,0
2020-08-20,GOOGL,176714.36,176714.36,0
2020-08-21,GOOGL,194369.93,194371.15,1
2020-08-24,GOOGL,194262.57,194371.15,1
2020-08-25,GOOGL,194030.57,194371.15,1
2020-08-26,GOOGL,193601.56,194371.15,1
2020-08-27,GOOGL,213079.71,212905.92,1
2020-08-28,GOOGL,212951.49,212905.92,1
2020-08-31,GOOGL,213067.84,212905.92,1
2020-09-01,GOOGL,212767.56,212905.92,1
2020-09-02,GOOGL,212035.24,212905.92,1
2020-09-03,GOOGL,234205.88,233135.66,1
2020-09-04,GOOGL,234195.86,234195.86,0
2020-09-08,GOOGL,234195.86,234195.86,0
2020-09-09,GOOGL,234195.86,234195.86,0
2020-09-10,GOOGL,234195.86,234195.86,0
2020-09-11,GOOGL,234195.86,234195.86,0
2020-09-14,GOOGL,234195.86,234195.86,0
2020-09-15,GOOGL,234195.86,234195.86,0
2020-09-16,GOOGL,234195.86,234195.86,0
2020-09-17,GOOGL,234195.86,234195.86,0
2020-09-18,GOOGL,234195.86,234195.86,0
2020-09-21,GOOGL,210447.91,210797.24,1
2020-09-22,GOOGL,210926.25,210797.24,1
2020-09-23,GOOGL,210113.48,210797.24,1
2020-09-24,GOOGL,210356.62,210145.19,1
2020-09-25,GOOGL,210624.95,210145.19,1
2020-09-28,GOOGL,210949.58,210145.19,1
2020-09-29,GOOGL,211071.49,210145.19,1
2020-09-30,GOOGL,211064.53,210145.19,1
2020-10-01,GOOGL,211433.89,210145.19,1
2020-10-02,GOOGL,234777.11,234777.11,0
2020-10-05,GOOGL,234777.11,234777.11,0
2020-10-06,GOOGL,234777.11,234777.11,0
2020-10-07,GOOGL,234777.11,234777.11,0
2020-10-08,GOOGL,234777.11,234777.11,0
2020-10-09,GOOGL,234777.11,234777.11,0
2020-10-12,GOOGL,234777.11,234777.11,0
2020-10-13,GOOGL,234777.11,234777.11,0
2020-10-14,GOOGL,258276.8,258234.17,1
2020-10-15,GOOGL,258396.16,258234.17,1
2020-10-16,GOOGL,258213.0,258234.17,1
2020-10-19,GOOGL,258778.35,258234.17,1
2020-10-20,GOOGL,258461.9,258234.17,1
2020-10-21,GOOGL,257939.08,258234.17,1
2020-10-22,GOOGL,257629.52,258234.17,1
2020-10-23,GOOGL,282905.03,283339.49,1
2020-10-26,GOOGL,283684.93,283339.49,1
2020-10-27,GOOGL,283451.24,283339.49,1
2020-10-28,GOOGL,284862.07,283339.49,1
2020-10-29,GOOGL,284849.97,284849.97,0
2020-10-30,GOOGL,284849.97,284849.97,0
2020-11-02,GOOGL,284849.97,284849.97,0
2020-11-03,GOOGL,284849.97,284849.97,0
2020-11-04,GOOGL,284849.97,284849.97,0
2020-11-05,GOOGL,284849.97,284849.97,0
2020-11-06,GOOGL,284849.97,284849.97,0
2020-11-09,GOOGL,313242.68,313284.22,1
2020-11-10,GOOGL,313625.82,313284.22,1
2020-11-11,GOOGL,313472.07,313284.22,1
2020-11-12,GOOGL,313543.37,313284.22,1
2020-11-13,GOOGL,313067.43,313284.22,1
2020-11-16,GOOGL,313038.82,313284.22,1
2020-11-17,GOOGL,313238.8,313284.22,1
2020-11-18,GOOGL,313578.62,313284.22,1
2020-11-19,GOOGL,313288.75,313284.22,1
2020-11-20,GOOGL,313647.48,313284.22,1
2020-11-23,GOOGL,313790.07,313284.22,1
2020-11-24,GOOGL,313202.58,313284.22,1
2020-11-25,GOOGL,313198.87,313284.22,1
2020-11-27,GOOGL,312828.82,313284.22,1
2020-11-30,GOOGL,313356.16,313284.22,1
2020-12-01,GOOGL,312693.99,313284.22,1
2020-12-02,GOOGL,312679.48,312679.48,0
2020-12-03,GOOGL,312679.48,312679.48,0
2020-12-04,GOOGL,312679.48,312679.48,0
2020-12-07,GOOGL,312679.48,312679.48,0
2020-12-08,GOOGL,312679.48,312679.48,0
2020-12-09,GOOGL,312679.48,312679.48,0
2020-12-10,GOOGL,312679.48,312679.48,0
2020-12-11,GOOGL,312679.48,312679.48,0
2020-12-14,GOOGL,312679.48,312679.48,0
2020-12-15,GOOGL,312679.48,312679.48,0
2020-12-16,GOOGL,312679.48,312679.48,0
2020-12-17,GOOGL,312679.48,312679.48,0
2020-12-18,GOOGL,312679.48,312679.48,0
2020-12-21,GOOGL,312679.48,312679.48,0
2020-12-22,GOOGL,312679.48,312679.48,0
2020-12-23,GOOGL,281571.66,281441.89,1
2020-12-24,GOOGL,281679.28,281441.89,1
2020-12-28,GOOGL,282401.65,281441.89,1
2020-12-29,GOOGL,282107.62,281441.89,1
2020-12-30,GOOGL,281717.22,281441.89,1
2020-12-31,GOOGL,282014.69,281441.89,1
2021-01-04,GOOGL,281533.54,281441.89,1
2021-01-05,GOOGL,281786.18,281441.89,1
2021-01-06,GOOGL,281474.55,281441.89,1
2021-01-07,GOOGL,282408.55,281441.89,1
2021-01-08,GOOGL,282834.89,281441.89,1
2021-01-11,GOOGL,282080.94,281441.89,1
2021-01-12,GOOGL,281738.63,281441.89,1
2021-01-13,GOOGL,281916.87,281441.89,1
2021-01-14,GOOGL,281620.47,281441.89,1
2021-01-15,GOOGL,281560.58,281441.89,1
2021-01-19,GOOGL,282592.41,281441.89,1
2021-01-20,GOOGL,284327.55,281441.89,1
2021-01-21,GOOGL,315548.07,315548.07,0
2021-01-22,GOOGL,315548.07,315548.07,0
2021-01-25,GOOGL,315548.07,315548.07,0
2021-01-26,GOOGL,346758.61,347001.44,1
2021-01-27,GOOGL,348237.3,347001.44,1
2021-01-28,GOOGL,347668.15,347001.44,1
2021-01-29,GOOGL,348097.43,347001.44,1
2021-02-01,GOOGL,347005.8,347001.44,1
2021-02-02,GOOGL,346573.04,347001.44,1
2021-02-03,GOOGL,344251.25,347001.44,1
2021-02-04,GOOGL,378695.23,378624.7,1
2021-02-05,GOOGL,378106.98,378624.7,1
2021-02-08,GOOGL,378179.0,378624.7,1
2021-02-09,GOOGL,378331.58,378624.7,1
2021-02-10,GOOGL,378146.24,378624.7,1
2021-02-11,GOOGL,378108.31,378624.7,1
2021-02-12,GOOGL,378003.35,378624.7,1
2021-02-16,GOOGL,377741.48,378624.7,1
2021-02-17,GOOGL,415225.94,415386.17,1
2021-02-18,GOOGL,415454.63,415386.17,1
2021-02-19,GOOGL,415758.12,415386.17,1
2021-02-22,GOOGL,416374.92,415386.17,1
2021-02-23,GOOGL,416270.31,415386.17,1
2021-02-24,GOOGL,415847.38,415386.17,1
2021-02-25,GOOGL,417058.85,415386.17,1
2021-02-26,GOOGL,416952.45,415386.17,1
2021-03-01,GOOGL,416100.0,415386.17,1
2021-03-02,GOOGL,416192.48,415386.17,1
2021-03-03,GOOGL,417139.9,415386.17,1
2021-03-04,GOOGL,416737.86,415386.17,1
2021-03-05,GOOGL,415610.66,415386.17,1
2021-03-08,GOOGL,417209.7,415386.17,1
2021-03-09,GOOGL,416623.07,415386.17,1
2021-03-10,GOOGL,416697.52,415386.17,1
2021-03-11,GOOGL,415548.71,415386.17,1
2021-03-12,GOOGL,416450.98,415386.17,1
2021-03-15,GOOGL,416371.71,415386.17,1
2021-03-16,GOOGL,415845.96,415386.17,1
2021-03-17,GOOGL,415875.77,415386.17,1
2021-03-18,GOOGL,416962.63,415386.17,1
2021-03-19,GOOGL,416862.3,415386.17,1
2021-03-22,GOOGL,416795.7,415386.17,1
2021-03-23,GOOGL,416605.76,415386.17,1
2021-03-24,GOOGL,416762.86,415386.17,1
2021-03-25,GOOGL,416764.11,415386.17,1
2021-03-26,GOOGL,416902.11,415386.17,1
2021-03-29,GOOGL,416526.13,415386.17,1
2021-03-30,GOOGL,416514.0,415386.17,1
2021-03-31,GOOGL,416227.46,415386.17,1
2021-04-01,GOOGL,415026.71,415386.17,1
2021-04-05,GOOGL,413434.63,415386.17,1
2021-04-06,GOOGL,454818.38,454658.64,1
2021-04-07,GOOGL,454264.77,454658.64,1
2021-04-08,GOOGL,454052.78,454658.64,1
2021-04-09,GOOGL,453676.39,454658.64,1
2021-04-12,GOOGL,499395.66,498898.98,1
2021-04-13,GOOGL,499200.09,498898.98,1
2021-04-14,GOOGL,499449.68,498898.98,1
2021-04-15,GOOGL,498585.69,498898.98,1
2021-04-16,GOOGL,498635.53,498898.98,1
2021-04-19,GOOGL,498495.78,498898.98,1
2021-04-20,GOOGL,498710.08,498898.98,1
2021-04-21,GOOGL,498723.24,498898.98,1
2021-04-22,GOOGL,499238.17,498898.98,1
2021-04-23,GOOGL,498293.04,498898.98,1
2021-04-26,GOOGL,498093.69,498898.98,1
2021-04-27,GOOGL,498471.46,498898.98,1
2021-04-28,GOOGL,497114.67,498898.98,1
2021-04-29,GOOGL,497091.15,497091.15,0
2021-04-30,GOOGL,497091.15,497091.15,0
2021-05-03,GOOGL,497091.15,497091.15,0
2021-05-04,GOOGL,497091.15,497091.15,0
2021-05-05,GOOGL,497091.15,497091.15,0
2021-05-06,GOOGL,497091.15,497091.15,0
2021-05-07,GOOGL,497091.15,497091.15,0
2021-05-10,GOOGL,497091.15,497091.15,0
2021-05-11,GOOGL,497091.15,497091.15,0
2021-05-12,GOOGL,497091.15,497091.15,0
2021-05-13,GOOGL,497091.15,497091.15,0
2021-05-14,GOOGL,497091.15,497091.15,0
2021-05-17,GOOGL,497091.15,497091.15,0
2021-05-18,GOOGL,497091.15,497091.15,0
2021-05-19,GOOGL,497091.15,497091.15,0
2021-05-20,GOOGL,497091.15,497091.15,0
2021-05-21,GOOGL,497091.15,497091.15,0
2021-05-24,GOOGL,497091.15,497091.15,0
2021-05-25,GOOGL,497091.15,497091.15,0
2021-05-26,GOOGL,497091.15,497091.15,0
2021-05-27,GOOGL,497091.15,497091.15,0
2021-05-28,GOOGL,497091.15,497091.15,0
2021-06-01,GOOGL,497091.15,497091.15,0
2021-06-02,GOOGL,497091.15,497091.15,0
2021-06-03,GOOGL,547132.51,546675.78,1
2021-06-04,GOOGL,546170.07,546675.78,1
2021-06-07,GOOGL,545987.38,546675.78,1
2021-06-08,GOOGL,546068.16,546675.78,1
2021-06-09,GOOGL,545869.35,546675.78,1
2021-06-10,GOOGL,545300.34,546675.78,1
2021-06-11,GOOGL,599792.72,599709.69,1
2021-06-14,GOOGL,599374.27,599709.69,1
2021-06-15,GOOGL,599833.2,599709.69,1
2021-06-16,GOOGL,600122.61,599709.69,1
2021-06-17,GOOGL,599688.27,599709.69,1
2021-06-18,GOOGL,600418.5,599709.69,1
2021-06-21,GOOGL,599657.41,599709.69,1
2021-06-22,GOOGL,599425.71,599709.69,1
2021-06-23,GOOGL,599516.74,599709.69,1
2021-06-24,GOOGL,599349.89,599709.69,1
2021-06-25,GOOGL,599346.09,599709.69,1
2021-06-28,GOOGL,599333.78,599709.69,1
2021-06-29,GOOGL,599451.65,599709.69,1
2021-06-30,GOOGL,599533.51,599709.69,1
2021-07-01,GOOGL,599374.71,599709.69,1
2021-07-02,GOOGL,598116.45,599709.69,1
2021-07-06,GOOGL,598088.44,598088.44,0
2021-07-07,GOOGL,657593.6,657757.81,1
2021-07-08,GOOGL,658270.12,657757.81,1
2021-07-09,GOOGL,658045.65,657757.81,1
2021-07-12,GOOGL,657356.35,657757.81,1
2021-07-13,GOOGL,657183.2,657757.81,1
2021-07-14,GOOGL,656759.54,657757.81,1
2021-07-15,GOOGL,657342.39,657757.81,1
2021-07-16,GOOGL,657358.95,657757.81,1
2021-07-19,GOOGL,658490.58,657757.81,1
2021-07-20,GOOGL,657718.73,657757.81,1
2021-07-21,GOOGL,657085.03,657757.81,1
2021-07-22,GOOGL,656672.26,657757.81,1
2021-07-23,GOOGL,654499.12,657757.81,1
2021-07-26,GOOGL,719335.07,719869.56,1
2021-07-27,GOOGL,720385.36,719869.56,1
2021-07-28,GOOGL,718322.18,719869.56,1
2021-07-29,GOOGL,790192.42,790061.32,1
2021-07-30,GOOGL,790746.96,790061.32,1
2021-08-02,GOOGL,790679.44,790061.32,1
2021-08-03,GOOGL,790270.24,790061.32,1
2021-08-04,GOOGL,790536.42,790061.32,1
2021-08-05,GOOGL,789942.31,790061.32,1
2021-08-06,GOOGL,790213.0,790061.32,1
2021-08-09,GOOGL,789593.28,790061.32,1
2021-08-10,GOOGL,789649.21,790061.32,1
2021-08-11,GOOGL,789927.79,790061.32,1
2021-08-12,GOOGL,789445.02,790061.32,1
2021-08-13,GOOGL,789163.52,790061.32,1
2021-08-16,GOOGL,788856.44,790061.32,1
2021-08-17,GOOGL,789725.99,790061.32,1
2021-08-18,GOOGL,790365.73,790061.32,1
2021-08-19,GOOGL,790243.86,790061.32,1
2021-08-20,GOOGL,789320.75,790061.32,1
2021-08-23,GOOGL,787942.55,790061.32,1
2021-08-24,GOOGL,787905.6,787905.6,0
2021-08-25,GOOGL,866109.43,866604.44,1
2021-08-26,GOOGL,866465.33,866604.44,1
2021-08-27,GOOGL,865036.45,866604.44,1
2021-08-30,GOOGL,864709.54,866604.44,1
2021-08-31,GOOGL,950848.99,950956.03,1
2021-09-01,GOOGL,950539.7,950956.03,1
2021-09-02,GOOGL,951691.14,950956.03,1
2021-09-03,GOOGL,951420.96,950956.03,1
2021-09-07,GOOGL,951097.96,950956.03,1
2021-09-08,GOOGL,951449.92,950956.03,1
2021-09-09,GOOGL,951539.48,950956.03,1
2021-09-10,GOOGL,953130.65,950956.03,1
2021-09-13,GOOGL,952261.02,950956.03,1
2021-09-14,GOOGL,952134.47,950956.03,1
2021-09-15,GOOGL,951008.99,950956.03,1
2021-09-16,GOOGL,951498.29,950956.03,1
2021-09-17,GOOGL,953176.04,950956.03,1
2021-09-20,GOOGL,954418.22,950956.03,1
2021-09-21,GOOGL,954231.05,950956.03,1
2021-09-22,GOOGL,953484.42,950956.03,1
2021-09-23,GOOGL,952927.66,950956.03,1
2021-09-24,GOOGL,952331.19,950956.03,1
2021-09-27,GOOGL,953013.63,950956.03,1
2021-09-28,GOOGL,956143.44,950956.03,1
2021-09-29,GOOGL,956102.89,956102.89,0
2021-09-30,GOOGL,956102.89,956102.89,0
2021-10-01,GOOGL,956102.89,956102.89,0
2021-10-04,GOOGL,956102.89,956102.89,0
2021-10-05,GOOGL,956102.89,956102.89,0
2021-10-06,GOOGL,956102.89,956102.89,0
2021-10-07,GOOGL,956102.89,956102.89,0
2021-10-08,GOOGL,956102.89,956102.89,0
2021-10-11,GOOGL,956102.89,956102.89,0
2021-10-12,GOOGL,956102.89,956102.89,0
2021-10-13,GOOGL,956102.89,956102.89,0
2021-10-14,GOOGL,956102.89,956102.89,0
2021-10-15,GOOGL,956102.89,956102.89,0
2021-10-18,GOOGL,956102.89,956102.89,0
2021-10-19,GOOGL,956102.89,956102.89,0
2021-10-20,GOOGL,956102.89,956102.89,0
2021-10-21,GOOGL,956102.89,956102.89,0
2021-10-22,GOOGL,956102.89,956102.89,0
2021-10-25,GOOGL,956102.89,956102.89,0
2021-10-26,GOOGL,956102.89,956102.89,0
2021-10-27,GOOGL,956102.89,956102.89,0
2021-10-28,GOOGL,956102.89,956102.89,0
2021-10-29,GOOGL,956102.89,956102.89,0
2021-11-01,GOOGL,956102.89,956102.89,0
2021-11-02,GOOGL,956102.89,956102.89,0
2021-11-03,GOOGL,956102.89,956102.89,0
2021-11-04,GOOGL,956102.89,956102.89,0
2021-11-05,GOOGL,956102.89,956102.89,0
2021-11-08,GOOGL,956102.89,956102.89,0
2021-11-09,GOOGL,956102.89,956102.89,0
2021-11-10,GOOGL,956102.89,956102.89,0
2021-11-11,GOOGL,956102.89,956102.89,0
2021-11-12,GOOGL,956102.89,956102.89,0
2021-11-15,GOOGL,1051706.17,1051608.7,1
2021-11-16,GOOGL,1052076.35,1051608.7,1
2021-11-17,GOOGL,1051966.46,1051608.7,1
2021-11-18,GOOGL,1050815.08,1051608.7,1
2021-11-19,GOOGL,1051401.21,1051608.7,1
2021-11-22,GOOGL,1053087.95,1051608.7,1
2021-11-23,GOOGL,1053422.16,1051608.7,1
2021-11-24,GOOGL,1053204.92,1051608.7,1
2021-11-26,GOOGL,1055735.19,1051608.7,1
2021-11-29,GOOGL,1053583.77,1051608.7,1
2021-11-30,GOOGL,1055918.67,1051608.7,1
2021-12-01,GOOGL,1056462.39,1051608.7,1
2021-12-02,GOOGL,1056417.06,1056417.06,0
2021-12-03,GOOGL,1056417.06,1056417.06,0
2021-12-06,GOOGL,1056417.06,1056417.06,0
2021-12-07,GOOGL,1056417.06,1056417.06,0
2021-12-08,GOOGL,1056417.06,1056417.06,0
2021-12-09,GOOGL,1056417.06,1056417.06,0
2021-12-10,GOOGL,1056417.06,1056417.06,0
2021-12-13,GOOGL,1056417.06,1056417.06,0
2021-12-14,GOOGL,1056417.06,1056417.06,0
2021-12-15,GOOGL,1056417.06,1056417.06,0
2021-12-16,GOOGL,1056417.06,1056417.06,0
2021-12-17,GOOGL,1056417.06,1056417.06,0
2021-12-20,GOOGL,1056417.06,1056417.06,0
2021-12-21,GOOGL,1056417.06,1056417.06,0
2021-12-22,GOOGL,1056417.06,1056417.06,0
2021-12-23,GOOGL,1056417.06,1056417.06,0
2021-12-27,GOOGL,1056417.06,1056417.06,0
2021-12-28,GOOGL,1056417.06,1056417.06,0
2021-12-29,GOOGL,1056417.06,1056417.06,0
2021-12-30,GOOGL,1056417.06,1056417.06,0
2021-12-31,GOOGL,1056417.06,1056417.06,0
2022-01-03,GOOGL,1056417.06,1056417.06,0
2022-01-04,GOOGL,1056417.06,1056417.06,0
2022-01-05,GOOGL,1056417.06,1056417.06,0
2022-01-06,GOOGL,950663.3,950737.19,1
2022-01-07,GOOGL,950103.24,950737.19,1
2022-01-10,GOOGL,951370.16,950737.19,1
2022-01-11,GOOGL,952187.83,950737.19,1
2022-01-12,GOOGL,953486.91,950737.19,1
2022-01-13,GOOGL,951306.92,950737.19,1
2022-01-14,GOOGL,951991.92,950737.19,1
2022-01-18,GOOGL,949322.02,950737.19,1
2022-01-19,GOOGL,948646.21,950737.19,1
2022-01-20,GOOGL,947259.29,950737.19,1
2022-01-21,GOOGL,945206.25,947592.53,1
2022-01-24,GOOGL,945732.0,945420.05,1
2022-01-25,GOOGL,942616.09,945420.05,1
2022-01-26,GOOGL,944642.57,942798.68,1
2022-01-27,GOOGL,944454.45,942798.68,1
2022-01-28,GOOGL,948040.67,942798.68,1
2022-01-31,GOOGL,1052782.22,1052782.22,0
2022-02-01,GOOGL,1052782.22,1052782.22,0
2022-02-02,GOOGL,1052782.22,1052782.22,0
2022-02-03,GOOGL,1052782.22,1052782.22,0
2022-02-04,GOOGL,1052782.22,1052782.22,0
2022-02-07,GOOGL,1052782.22,1052782.22,0
2022-02-08,GOOGL,1052782.22,1052782.22,0
2022-02-09,GOOGL,1052782.22,1052782.22,0
2022-02-10,GOOGL,1052782.22,1052782.22,0
2022-02-11,GOOGL,1052782.22,1052782.22,0
2022-02-14,GOOGL,1052782.22,1052782.22,0
2022-02-15,GOOGL,1052782.22,1052782.22,0
2022-02-16,GOOGL,1052782.22,1052782.22,0
2022-02-17,GOOGL,1052782.22,1052782.22,0
2022-02-18,GOOGL,1052782.22,1052782.22,0
2022-02-22,GOOGL,1052782.22,1052782.22,0
2022-02-23,GOOGL,1052782.22,1052782.22,0
2022-02-24,GOOGL,951726.39,947573.14,1
2022-02-25,GOOGL,953183.95,947573.14,1
2022-02-28,GOOGL,1058337.63,1058337.63,0
2022-03-01,GOOGL,1058337.63,1058337.63,0
2022-03-02,GOOGL,1058337.63,1058337.63,0
2022-03-03,GOOGL,1058337.63,1058337.63,0
2022-03-04,GOOGL,1058337.63,1058337.63,0
2022-03-07,GOOGL,1058337.63,1058337.63,0
2022-03-08,GOOGL,1058337.63,1058337.63,0
2022-03-09,GOOGL,1058337.63,1058337.63,0
2022-03-10,GOOGL,1058337.63,1058337.63,0
2022-03-11,GOOGL,1058337.63,1058337.63,0
2022-03-14,GOOGL,1058337.63,1058337.63,0
2022-03-15,GOOGL,1058337.63,1058337.63,0
2022-03-16,GOOGL,1058337.63,1058337.63,0
2022-03-17,GOOGL,1058337.63,1058337.63,0
2022-03-18,GOOGL,1058337.63,1058337.63,0
2022-03-21,GOOGL,1058337.63,1058337.63,0
2022-03-22,GOOGL,1058337.63,1058337.63,0
2022-03-23,GOOGL,1058337.63,1058337.63,0
2022-03-24,GOOGL,1058337.63,1058337.63,0
2022-03-25,GOOGL,1058337.63,1058337.63,0
2022-03-28,GOOGL,1164199.57,1164090.03,1
2022-03-29,GOOGL,1163415.4,1164090.03,1
2022-03-30,GOOGL,1163838.86,1164090.03,1
2022-03-31,GOOGL,1165982.99,1164090.03,1
2022-04-01,GOOGL,1165174.19,1164090.03,1
2022-04-04,GOOGL,1163067.38,1164090.03,1
2022-04-05,GOOGL,1164845.2,1164090.03,1
2022-04-06,GOOGL,1167864.62,1164090.03,1
2022-04-07,GOOGL,1168357.18,1164090.03,1
2022-04-08,GOOGL,1170299.66,1164090.03,1
2022-04-11,GOOGL,1170249.88,1170249.88,0
2022-04-12,GOOGL,1170249.88,1170249.88,0
2022-04-13,GOOGL,1170249.88,1170249.88,0
2022-04-14,GOOGL,1050306.62,1053214.46,1
2022-04-18,GOOGL,1051398.09,1050585.25,1
2022-04-19,GOOGL,1053544.88,1050585.25,1
2022-04-20,GOOGL,1051732.64,1050585.25,1
2022-04-21,GOOGL,1048763.91,1050585.25,1
2022-04-22,GOOGL,1043997.19,1050585.25,1
2022-04-25,GOOGL,1047816.7,1044539.43,1
2022-04-26,GOOGL,1043525.51,1044539.43,1
2022-04-27,GOOGL,1039300.75,1044539.43,1
2022-04-28,GOOGL,1043993.85,1039778.58,1
2022-04-29,GOOGL,1039533.86,1039778.58,1
2022-05-02,GOOGL,1042033.69,1039778.58,1
2022-05-03,GOOGL,1042792.69,1039778.58,1
2022-05-04,GOOGL,1047772.14,1039778.58,1
2022-05-05,GOOGL,1163279.51,1163279.51,0
2022-05-06,GOOGL,1163279.51,1163279.51,0
2022-05-09,GOOGL,1163279.51,1163279.51,0
2022-05-10,GOOGL,1163279.51,1163279.51,0
2022-05-11,GOOGL,1163279.51,1163279.51,0
2022-05-12,GOOGL,1163279.51,1163279.51,0
2022-05-13,GOOGL,1163279.51,1163279.51,0
2022-05-16,GOOGL,1163279.51,1163279.51,0
2022-05-17,GOOGL,1163279.51,1163279.51,0
2022-05-18,GOOGL,1163279.51,1163279.51,0
2022-05-19,GOOGL,1163279.51,1163279.51,0
2022-05-20,GOOGL,1163279.51,1163279.51,0
2022-05-23,GOOGL,1163279.51,1163279.51,0
2022-05-24,GOOGL,1163279.51,1163279.51,0
2022-05-25,GOOGL,1046740.19,1046979.3,1
2022-05-26,GOOGL,1048920.34,1046979.3,1
2022-05-27,GOOGL,1053882.87,1046979.3,1
2022-05-31,GOOGL,1170121.47,1170121.47,0
2022-06-01,GOOGL,1170121.47,1170121.47,0
2022-06-02,GOOGL,1170121.47,1170121.47,0
2022-06-03,GOOGL,1170121.47,1170121.47,0
2022-06-06,GOOGL,1170121.47,1170121.47,0
2022-06-07,GOOGL,1170121.47,1170121.47,0
2022-06-08,GOOGL,1170121.47,1170121.47,0
2022-06-09,GOOGL,1170121.47,1170121.47,0
2022-06-10,GOOGL,1170121.47,1170121.47,0
2022-06-13,GOOGL,1170121.47,1170121.47,0
2022-06-14,GOOGL,1170121.47,1170121.47,0
2022-06-15,GOOGL,1170121.47,1170121.47,0
2022-06-16,GOOGL,1170121.47,1170121.47,0
2022-06-17,GOOGL,1170121.47,1170121.47,0
2022-06-21,GOOGL,1170121.47,1170121.47,0
2022-06-22,GOOGL,1170121.47,1170121.47,0
2022-06-23,GOOGL,1170121.47,1170121.47,0
2022-06-24,GOOGL,1170121.47,1170121.47,0
2022-06-27,GOOGL,1170121.47,1170121.47,0
2022-06-28,GOOGL,1170121.47,1170121.47,0
2022-06-29,GOOGL,1170121.47,1170121.47,0
2022-06-30,GOOGL,1170121.47,1170121.47,0
2022-07-01,GOOGL,1170121.47,1170121.47,0
2022-07-05,GOOGL,1170121.47,1170121.47,0
2022-07-06,GOOGL,1170121.47,1170121.47,0
2022-07-07,GOOGL,1170121.47,1170121.47,0
2022-07-08,GOOGL,1170121.47,1170121.47,0
2022-07-11,GOOGL,1290562.25,1287017.62,1
2022-07-12,GOOGL,1292184.95,1287017.62,1
2022-07-13,GOOGL,1294798.35,1287017.62,1
2022-07-14,GOOGL,1294743.79,1294743.79,0
2022-07-15,GOOGL,1294743.79,1294743.79,0
2022-07-18,GOOGL,1294743.79,1294743.79,0
2022-07-19,GOOGL,1294743.79,1294743.79,0
2022-07-20,GOOGL,1294743.79,1294743.79,0
2022-07-21,GOOGL,1294743.79,1294743.79,0
2022-07-22,GOOGL,1294743.79,1294743.79,0
2022-07-25,GOOGL,1294743.79,1294743.79,0
2022-07-26,GOOGL,1294743.79,1294743.79,0
2022-07-27,GOOGL,1294743.79,1294743.79,0
2022-07-28,GOOGL,1294743.79,1294743.79,0
2022-07-29,GOOGL,1294743.79,1294743.79,0
2022-08-01,GOOGL,1294743.79,1294743.79,0
2022-08-02,GOOGL,1294743.79,1294743.79,0
2022-08-03,GOOGL,1294743.79,1294743.79,0
2022-08-04,GOOGL,1294743.79,1294743.79,0
2022-08-05,GOOGL,1294743.79,1294743.79,0
2022-08-08,GOOGL,1294743.79,1294743.79,0
2022-08-09,GOOGL,1294743.79,1294743.79,0
2022-08-10,GOOGL,1294743.79,1294743.79,0
2022-08-11,GOOGL,1294743.79,1294743.79,0
2022-08-12,GOOGL,1420938.32,1424095.78,1
2022-08-15,GOOGL,1562306.45,1562844.42,1
2022-08-16,GOOGL,1562750.05,1562844.42,1
2022-08-17,GOOGL,1565259.86,1562844.42,1
2022-08-18,GOOGL,1564536.11,1562844.42,1
2022-08-19,GOOGL,1567991.47,1562844.42,1
2022-08-22,GOOGL,1571458.51,1562844.42,1
2022-08-23,GOOGL,1571391.83,1571391.83,0
2022-08-24,GOOGL,1571391.83,1571391.83,0
2022-08-25,GOOGL,1571391.83,1571391.83,0
2022-08-26,GOOGL,1571391.83,1571391.83,0
2022-08-29,GOOGL,1571391.83,1571391.83,0
2022-08-30,GOOGL,1571391.83,1571391.83,0
2022-08-31,GOOGL,1413096.15,1414212.97,1
2022-09-01,GOOGL,1415288.11,1414212.97,1
2022-09-02,GOOGL,1412562.56,1414212.97,1
2022-09-06,GOOGL,1411062.8,1414212.97,1
2022-09-07,GOOGL,1415100.05,1411303.27,1
2022-09-08,GOOGL,1413529.44,1411303.27,1
2022-09-09,GOOGL,1416861.51,1411303.27,1
2022-09-12,GOOGL,1417169.74,1411303.27,1
2022-09-13,GOOGL,1407569.89,1411303.27,1
2022-09-14,GOOGL,1564354.7,1564354.7,0
2022-09-15,GOOGL,1564354.7,1564354.7,0
2022-09-16,GOOGL,1407665.47,1407910.76,1
2022-09-19,GOOGL,1408075.69,1407910.76,1
2022-09-20,GOOGL,1405143.17,1407910.76,1
2022-09-21,GOOGL,1402317.0,1407910.76,1
2022-09-22,GOOGL,1558685.52,1558685.52,0
2022-09-23,GOOGL,1400519.4,1402775.9,1
2022-09-26,GOOGL,1399632.39,1402775.9,1
2022-09-27,GOOGL,1555465.63,1555465.63,0
2022-09-28,GOOGL,1403882.1,1399893.05,1
2022-09-29,GOOGL,1399687.72,1399893.05,1
2022-09-30,GOOGL,1396864.89,1399893.05,1
2022-10-03,GOOGL,1401633.39,1399893.05,1
2022-10-04,GOOGL,1406417.83,1399893.05,1
2022-10-05,GOOGL,1406082.93,1399893.05,1
2022-10-06,GOOGL,1406067.0,1399893.05,1
2022-10-07,GOOGL,1401697.17,1399893.05,1
2022-10-10,GOOGL,1400389.44,1399893.05,1
2022-10-11,GOOGL,1399304.96,1399893.05,1
2022-10-12,GOOGL,1399911.0,1399893.05,1
2022-10-13,GOOGL,1402303.2,1399893.05,1
2022-10-14,GOOGL,1398316.17,1399893.05,1
2022-10-17,GOOGL,1403754.53,1399893.05,1
2022-10-18,GOOGL,1405030.36,1399893.05,1
2022-10-19,GOOGL,1403212.27,1399893.05,1
2022-10-20,GOOGL,1403754.53,1399893.05,1
2022-10-21,GOOGL,1405604.49,1399893.05,1
2022-10-24,GOOGL,1407821.29,1399893.05,1
2022-10-25,GOOGL,1563312.12,1563312.12,0
2022-10-26,GOOGL,1563312.12,1563312.12,0
2022-10-27,GOOGL,1563312.12,1563312.12,0
2022-10-28,GOOGL,1563312.12,1563312.12,0
2022-10-31,GOOGL,1563312.12,1563312.12,0
2022-11-01,GOOGL,1563312.12,1563312.12,0
2022-11-02,GOOGL,1563312.12,1563312.12,0
2022-11-03,GOOGL,1563312.12,1563312.12,0
2022-11-04,GOOGL,1563312.12,1563312.12,0
2022-11-07,GOOGL,1563312.12,1563312.12,0
2022-11-08,GOOGL,1563312.12,1563312.12,0
2022-11-09,GOOGL,1563312.12,1563312.12,0
2022-11-10,GOOGL,1563312.12,1563312.12,0
2022-11-11,GOOGL,1563312.12,1563312.12,0
2022-11-14,GOOGL,1563312.12,1563312.12,0
2022-11-15,GOOGL,1563312.12,1563312.12,0
2022-11-16,GOOGL,1563312.12,1563312.12,0
2022-11-17,GOOGL,1563312.12,1563312.12,0
2022-11-18,GOOGL,1563312.12,1563312.12,0
2022-11-21,GOOGL,1563312.12,1563312.12,0
2022-11-22,GOOGL,1563312.12,1563312.12,0
2022-11-23,GOOGL,1563312.12,1563312.12,0
2022-11-25,GOOGL,1720987.41,1719478.64,1
2022-11-28,GOOGL,1723224.91,1719478.64,1
2022-11-29,GOOGL,1724589.64,1719478.64,1
2022-11-30,GOOGL,1715385.71,1719478.64,1
2022-12-01,GOOGL,1886611.71,1886697.45,1
2022-12-02,GOOGL,1887545.59,1886697.45,1
2022-12-05,GOOGL,1889175.61,1886697.45,1
2022-12-06,GOOGL,1893420.56,1886697.45,1
2022-12-07,GOOGL,1896884.41,1886697.45,1
2022-12-08,GOOGL,1896803.8,1896803.8,0
2022-12-09,GOOGL,1896803.8,1896803.8,0
2022-12-12,GOOGL,1896803.8,1896803.8,0
2022-12-13,GOOGL,1896803.8,1896803.8,0
2022-12-14,GOOGL,1896803.8,1896803.8,0
2022-12-15,GOOGL,1896803.8,1896803.8,0
2022-12-16,GOOGL,1896803.8,1896803.8,0
2022-12-19,GOOGL,1896803.8,1896803.8,0
2022-12-20,GOOGL,1896803.8,1896803.8,0
2022-12-21,GOOGL,1708159.62,1707061.44,1
2022-12-22,GOOGL,1704282.28,1707061.44,1
2022-12-23,GOOGL,1707413.99,1707061.44,1
2022-12-27,GOOGL,1703494.02,1707061.44,1
2022-12-28,GOOGL,1700575.41,1707061.44,1
2022-12-29,GOOGL,1706403.08,1701159.23,1
2022-12-30,GOOGL,1705919.79,1701159.23,1
2023-01-03,GOOGL,1707874.98,1701159.23,1
2023-01-04,GOOGL,1705590.25,1701159.23,1
2023-01-05,GOOGL,1701460.18,1701159.23,1
2023-01-06,GOOGL,1703964.58,1701159.23,1
2023-01-09,GOOGL,1705458.41,1701159.23,1
2023-01-10,GOOGL,1706337.16,1701159.23,1
2023-01-11,GOOGL,1713147.37,1701159.23,1
2023-01-12,GOOGL,1902113.77,1902113.77,0
2023-01-13,GOOGL,1902113.77,1902113.77,0
2023-01-17,GOOGL,1902113.77,1902113.77,0
2023-01-18,GOOGL,1902113.77,1902113.77,0
2023-01-19,GOOGL,1902113.77,1902113.77,0
2023-01-20,GOOGL,2081968.42,2092222.7,1
2023-01-23,GOOGL,2286042.08,2289904.69,1
2023-01-24,GOOGL,2290480.09,2289904.69,1
2023-01-25,GOOGL,2295746.28,2289904.69,1
2023-01-26,GOOGL,2290862.35,2289904.69,1
2023-01-27,GOOGL,2286933.96,2289904.69,1
2023-01-30,GOOGL,2292093.93,2289904.69,1
2023-01-31,GOOGL,2288059.38,2289904.69,1
2023-02-01,GOOGL,2284683.08,2289904.69,1
2023-02-02,GOOGL,2284576.45,2284576.45,0
2023-02-03,GOOGL,2518974.81,2512815.31,1
2023-02-06,GOOGL,2522959.43,2512815.31,1
2023-02-07,GOOGL,2512913.09,2512815.31,1
2023-02-08,GOOGL,2530441.21,2512815.31,1
2023-02-09,GOOGL,2530335.9,2530335.9,0
2023-02-10,GOOGL,2530335.9,2530335.9,0
2023-02-13,GOOGL,2530335.9,2530335.9,0
2023-02-14,GOOGL,2530335.9,2530335.9,0
2023-02-15,GOOGL,2530335.9,2530335.9,0
2023-02-16,GOOGL,2530335.9,2530335.9,0
2023-02-17,GOOGL,2530335.9,2530335.9,0
2023-02-21,GOOGL,2530335.9,2530335.9,0
2023-02-22,GOOGL,2530335.9,2530335.9,0
2023-02-23,GOOGL,2530335.9,2530335.9,0
2023-02-24,GOOGL,2272238.12,2277262.7,1
2023-02-27,GOOGL,2274297.58,2277262.7,1
2023-02-28,GOOGL,2274826.34,2277262.7,1
2023-03-01,GOOGL,2275661.27,2277262.7,1
2023-03-02,GOOGL,2280225.35,2277262.7,1
2023-03-03,GOOGL,2284817.29,2277262.7,1
2023-03-06,GOOGL,2288936.12,2277262.7,1
2023-03-07,GOOGL,2285401.78,2277262.7,1
2023-03-08,GOOGL,2286487.08,2277262.7,1
2023-03-09,GOOGL,2281115.92,2277262.7,1
2023-03-10,GOOGL,2276412.65,2277262.7,1
2023-03-13,GOOGL,2277748.52,2277262.7,1
2023-03-14,GOOGL,2285707.87,2277262.7,1
2023-03-15,GOOGL,2291663.47,2277262.7,1
2023-03-16,GOOGL,2544602.94,2544602.94,0
2023-03-17,GOOGL,2795467.14,2798891.2,1
2023-03-20,GOOGL,2796481.56,2798891.2,1
2023-03-21,GOOGL,2787098.21,2798891.2,1
2023-03-22,GOOGL,3069475.85,3065498.34,1
2023-03-23,GOOGL,3063552.9,3065498.34,1
2023-03-24,GOOGL,3063977.84,3065498.34,1
2023-03-27,GOOGL,3071892.84,3065498.34,1
2023-03-28,GOOGL,3075691.04,3065498.34,1
2023-03-29,GOOGL,3074734.8,3065498.34,1
2023-03-30,GOOGL,3076062.85,3065498.34,1
2023-03-31,GOOGL,3068519.68,3065498.34,1
2023-04-03,GOOGL,3066846.36,3065498.34,1
2023-04-04,GOOGL,3065890.23,3065498.34,1
2023-04-05,GOOGL,3066554.19,3065498.34,1
2023-04-06,GOOGL,3056062.85,3065498.34,1
2023-04-10,GOOGL,3055918.86,3055918.86,0
2023-04-11,GOOGL,3055918.86,3055918.86,0
2023-04-12,GOOGL,3055918.86,3055918.86,0
2023-04-13,GOOGL,3055918.86,3055918.86,0
2023-04-14,GOOGL,3055918.86,3055918.86,0
2023-04-17,GOOGL,3055918.86,3055918.86,0
2023-04-18,GOOGL,3055918.86,3055918.86,0
2023-04-19,GOOGL,3055918.86,3055918.86,0
2023-04-20,GOOGL,3055918.86,3055918.86,0
2023-04-21,GOOGL,3055918.86,3055918.86,0
2023-04-24,GOOGL,3055918.86,3055918.86,0
2023-04-25,GOOGL,3055918.86,3055918.86,0
2023-04-26,GOOGL,3055918.86,3055918.86,0
2023-04-27,GOOGL,3055918.86,3055918.86,0
2023-04-28,GOOGL,3055918.86,3055918.86,0
2023-05-01,GOOGL,3055918.86,3055918.86,0
2023-05-02,GOOGL,3055918.86,3055918.86,0
2023-05-03,GOOGL,3055918.86,3055918.86,0
2023-05-04,GOOGL,3055918.86,3055918.86,0
2023-05-05,GOOGL,3055918.86,3055918.86,0
2023-05-08,GOOGL,3055918.86,3055918.86,0
2023-05-09,GOOGL,3055918.86,3055918.86,0
2023-05-10,GOOGL,3055918.86,3055918.86,0
2023-05-11,GOOGL,3055918.86,3055918.86,0
2023-05-12,GOOGL,3358718.22,3361335.07,1
2023-05-15,GOOGL,3361339.57,3361335.07,1
2023-05-16,GOOGL,3353475.54,3361335.07,1
2023-05-17,GOOGL,3684574.29,3688473.62,1
2023-05-18,GOOGL,3678990.67,3688473.62,1
2023-05-19,GOOGL,4046444.28,4046418.52,1
2023-05-22,GOOGL,4039587.43,4046418.52,1
2023-05-23,GOOGL,4047043.12,4046418.52,1
2023-05-24,GOOGL,4052013.58,4046418.52,1
2023-05-25,GOOGL,4044288.35,4046418.52,1
2023-05-26,GOOGL,4040904.85,4046418.52,1
2023-05-30,GOOGL,4043719.5,4046418.52,1
2023-05-31,GOOGL,4046114.86,4046418.52,1
2023-06-01,GOOGL,4043569.77,4046418.52,1
2023-06-02,GOOGL,4040725.27,4046418.52,1
2023-06-05,GOOGL,4036712.94,4046418.52,1
2023-06-06,GOOGL,4435508.39,4439873.46,1
2023-06-07,GOOGL,4450912.6,4439873.46,1
2023-06-08,GOOGL,4452065.49,4439873.46,1
2023-06-09,GOOGL,4451777.25,4439873.46,1
2023-06-12,GOOGL,4447261.62,4439873.46,1
2023-06-13,GOOGL,4446653.21,4439873.46,1
2023-06-14,GOOGL,4447165.62,4439873.46,1
2023-06-15,GOOGL,4442618.02,4439873.46,1
2023-06-16,GOOGL,4447613.98,4439873.46,1
2023-06-20,GOOGL,4448991.07,4439873.46,1
2023-06-21,GOOGL,4457157.51,4439873.46,1
2023-06-22,GOOGL,4448830.92,4439873.46,1
2023-06-23,GOOGL,4451424.97,4439873.46,1
2023-06-26,GOOGL,4464235.11,4439873.46,1
2023-06-27,GOOGL,4464045.62,4464045.62,0
2023-06-28,GOOGL,4024257.05,4017502.29,1
2023-06-29,GOOGL,4020183.46,4017502.29,1
2023-06-30,GOOGL,4022446.48,4017502.29,1
2023-07-03,GOOGL,4023200.89,4017502.29,1
2023-07-05,GOOGL,4030178.75,4017502.29,1
2023-07-06,GOOGL,4023992.96,4017502.29,1
2023-07-07,GOOGL,4021616.72,4017502.29,1
2023-07-10,GOOGL,4010188.05,4017502.29,1
2023-07-11,GOOGL,4012790.6,4017502.29,1
2023-07-12,GOOGL,4019542.18,4017502.29,1
2023-07-13,GOOGL,4040702.2,4017502.29,1
2023-07-14,GOOGL,4487010.65,4487010.65,0
2023-07-17,GOOGL,4487010.65,4487010.65,0
2023-07-18,GOOGL,4487010.65,4487010.65,0
2023-07-19,GOOGL,4487010.65,4487010.65,0
2023-07-20,GOOGL,4487010.65,4487010.65,0
2023-07-21,GOOGL,4487010.65,4487010.65,0
2023-07-24,GOOGL,4487010.65,4487010.65,0
2023-07-25,GOOGL,4487010.65,4487010.65,0
2023-07-26,GOOGL,4487010.65,4487010.65,0
2023-07-27,GOOGL,4487010.65,4487010.65,0
2023-07-28,GOOGL,4487010.65,4487010.65,0
2023-07-31,GOOGL,4934743.16,4935441.16,1
2023-08-01,GOOGL,4938702.45,4935441.16,1
2023-08-02,GOOGL,4949429.77,4935441.16,1
2023-08-03,GOOGL,4949192.88,4935441.16,1
2023-08-04,GOOGL,4950343.42,4935441.16,1
2023-08-07,GOOGL,4938770.08,4935441.16,1
2023-08-08,GOOGL,4939210.01,4935441.16,1
2023-08-09,GOOGL,4945098.23,4935441.16,1
2023-08-10,GOOGL,4944996.76,4935441.16,1
2023-08-11,GOOGL,4945436.59,4935441.16,1
2023-08-14,GOOGL,4939446.95,4935441.16,1
2023-08-15,GOOGL,4944692.14,4935441.16,1
2023-08-16,GOOGL,4948346.91,4935441.16,1
2023-08-17,GOOGL,4944218.42,4935441.16,1
2023-08-18,GOOGL,4952543.08,4935441.16,1
2023-08-21,GOOGL,4949463.58,4935441.16,1
2023-08-22,GOOGL,4947060.95,4935441.16,1
2023-08-23,GOOGL,4935927.44,4935441.16,1
2023-08-24,GOOGL,4944692.14,4935441.16,1
2023-08-25,GOOGL,4944353.73,4935441.16,1
2023-08-28,GOOGL,4940529.81,4935441.16,1
2023-08-29,GOOGL,4928482.59,4935441.16,1
2023-08-30,GOOGL,4924049.48,4935441.16,1
2023-08-31,GOOGL,4923819.57,4923819.57,0
2023-09-01,GOOGL,4923819.57,4923819.57,0
2023-09-05,GOOGL,4923819.57,4923819.57,0
2023-09-06,GOOGL,4923819.57,4923819.57,0
2023-09-07,GOOGL,4923819.57,4923819.57,0
2023-09-08,GOOGL,4923819.57,4923819.57,0
2023-09-11,GOOGL,5413731.62,5415927.27,1
2023-09-12,GOOGL,5419435.62,5415927.27,1
2023-09-13,GOOGL,5414489.66,5415927.27,1
2023-09-14,GOOGL,5409471.61,5415927.27,1
2023-09-15,GOOGL,5411998.71,5415927.27,1
2023-09-18,GOOGL,5409074.43,5415927.27,1
2023-09-19,GOOGL,5409688.28,5415927.27,1
2023-09-20,GOOGL,5425211.87,5415927.27,1
2023-09-21,GOOGL,5437125.41,5415927.27,1
2023-09-22,GOOGL,5437811.46,5415927.27,1
2023-09-25,GOOGL,5434706.61,5415927.27,1
2023-09-26,GOOGL,5443876.4,5415927.27,1
2023-09-27,GOOGL,5443644.32,5443644.32,0
2023-09-28,GOOGL,5443644.32,5443644.32,0
2023-09-29,GOOGL,5443644.32,5443644.32,0
2023-10-02,GOOGL,5443644.32,5443644.32,0
2023-10-03,GOOGL,5443644.32,5443644.32,0
2023-10-04,GOOGL,5443644.32,5443644.32,0
2023-10-05,GOOGL,5443644.32,5443644.32,0
2023-10-06,GOOGL,5443644.32,5443644.32,0
2023-10-09,GOOGL,5443644.32,5443644.32,0
2023-10-10,GOOGL,5443644.32,5443644.32,0
2023-10-11,GOOGL,5443644.32,5443644.32,0
2023-10-12,GOOGL,5993568.04,5987720.84,1
2023-10-13,GOOGL,5999803.49,5987720.84,1
2023-10-16,GOOGL,5993064.37,5987720.84,1
2023-10-17,GOOGL,5990663.25,5987720.84,1
2023-10-18,GOOGL,5997479.72,5987720.84,1
2023-10-19,GOOGL,5998292.94,5987720.84,1
2023-10-20,GOOGL,6006619.85,5987720.84,1
2023-10-23,GOOGL,6003134.27,5987720.84,1
2023-10-24,GOOGL,5994187.67,5987720.84,1
2023-10-25,GOOGL,6045311.14,5987720.84,1
2023-10-26,GOOGL,6045067.9,6045067.9,0
2023-10-27,GOOGL,5439472.01,5440317.95,1
2023-10-30,GOOGL,5450791.79,5440317.95,1
2023-10-31,GOOGL,5448913.4,5440317.95,1
2023-11-01,GOOGL,5460628.68,5440317.95,1
2023-11-02,GOOGL,5465769.5,5440317.95,1
2023-11-03,GOOGL,5473727.99,5440317.95,1
2023-11-06,GOOGL,6078158.86,6078158.86,0
2023-11-07,GOOGL,6078158.86,6078158.86,0
2023-11-08,GOOGL,6078158.86,6078158.86,0
2023-11-09,GOOGL,6078158.86,6078158.86,0
2023-11-10,GOOGL,6078158.86,6078158.86,0
2023-11-13,GOOGL,6078158.86,6078158.86,0
2023-11-14,GOOGL,6078158.86,6078158.86,0
2023-11-15,GOOGL,6680760.84,6685613.14,1
2023-11-16,GOOGL,6670254.03,6685613.14,1
2023-11-17,GOOGL,7344117.11,7336559.98,1
2023-11-20,GOOGL,7339538.6,7336559.98,1
2023-11-21,GOOGL,7336031.75,7336559.98,1
2023-11-22,GOOGL,7328628.15,7336559.98,1
2023-11-24,GOOGL,7337395.5,7336559.98,1
2023-11-27,GOOGL,7338759.26,7336559.98,1
2023-11-28,GOOGL,7334911.3,7336559.98,1
2023-11-29,GOOGL,7345675.7,7336559.98,1
2023-11-30,GOOGL,7357657.73,7336559.98,1
2023-12-01,GOOGL,7360921.11,7336559.98,1
2023-12-04,GOOGL,7373536.27,7336559.98,1
2023-12-05,GOOGL,7373221.45,7373221.45,0
2023-12-06,GOOGL,7373221.45,7373221.45,0
2023-12-07,GOOGL,7373221.45,7373221.45,0
2023-12-08,GOOGL,7373221.45,7373221.45,0
2023-12-11,GOOGL,7373221.45,7373221.45,0
2023-12-12,GOOGL,7373221.45,7373221.45,0
2023-12-13,GOOGL,7373221.45,7373221.45,0
2023-12-14,GOOGL,7373221.45,7373221.45,0
2023-12-15,GOOGL,7373221.45,7373221.45,0
2023-12-18,GOOGL,7373221.45,7373221.45,0
2023-12-19,GOOGL,7373221.45,7373221.45,0
2023-12-20,GOOGL,7373221.45,7373221.45,0
2023-12-21,GOOGL,7373221.45,7373221.45,0
2023-12-22,GOOGL,7373221.45,7373221.45,0
2023-12-26,GOOGL,8109622.7,8110147.59,1
2023-12-27,GOOGL,8115615.22,8110147.59,1
2023-12-28,GOOGL,8116344.76,8110147.59,1
2023-12-29,GOOGL,8119158.72,8110147.59,1
2024-01-02,GOOGL,8127079.32,8110147.59,1
2024-01-03,GOOGL,8123171.13,8110147.59,1
2024-01-04,GOOGL,8136354.71,8110147.59,1
2024-01-05,GOOGL,8139794.07,8110147.59,1
2024-01-08,GOOGL,8123587.93,8110147.59,1
2024-01-09,GOOGL,8112592.98,8110147.59,1
2024-01-10,GOOGL,8105662.39,8110147.59,1
2024-01-11,GOOGL,8106704.52,8110147.59,1
2024-01-12,GOOGL,8103734.31,8110147.59,1
2024-01-16,GOOGL,8104568.08,8110147.59,1
2024-01-17,GOOGL,8109883.25,8110147.59,1
2024-01-18,GOOGL,8099409.32,8110147.59,1
2024-01-19,GOOGL,8084297.58,8110147.59,1
2024-01-22,GOOGL,8083916.19,8083916.19,0
2024-01-23,GOOGL,8083916.19,8083916.19,0
2024-01-24,GOOGL,8882343.45,8891873.59,1
2024-01-25,GOOGL,8864916.28,8891873.59,1
2024-01-26,GOOGL,9748172.99,9750484.09,1
2024-01-29,GOOGL,9740468.5,9750484.09,1
2024-01-30,GOOGL,9752433.81,9750484.09,1
2024-01-31,GOOGL,9818739.38,9750484.09,1
2024-02-01,GOOGL,9818330.51,9818330.51,0
2024-02-02,GOOGL,9818330.51,9818330.51,0
2024-02-05,GOOGL,9818330.51,9818330.51,0
2024-02-06,GOOGL,9818330.51,9818330.51,0
2024-02-07,GOOGL,9818330.51,9818330.51,0
2024-02-08,GOOGL,9818330.51,9818330.51,0
2024-02-09,GOOGL,9818330.51,9818330.51,0
2024-02-12,GOOGL,9818330.51,9818330.51,0
2024-02-13,GOOGL,9818330.51,9818330.51,0
2024-02-14,GOOGL,9818330.51,9818330.51,0
2024-02-15,GOOGL,9818330.51,9818330.51,0
2024-02-16,GOOGL,9818330.51,9818330.51,0
2024-02-20,GOOGL,8839831.29,8836130.53,1
2024-02-21,GOOGL,8849821.72,8836130.53,1
2024-02-22,GOOGL,8860580.44,8836130.53,1
2024-02-23,GOOGL,8859672.42,8836130.53,1
2024-02-26,GOOGL,8815030.25,8836130.53,1
2024-02-27,GOOGL,9796749.69,9796749.69,0
2024-02-28,GOOGL,9796749.69,9796749.69,0
2024-02-29,GOOGL,9796749.69,9796749.69,0
2024-03-01,GOOGL,9796749.69,9796749.69,0
2024-03-04,GOOGL,8789112.47,8816673.94,1
2024-03-05,GOOGL,8785904.04,8791373.98,1
2024-03-06,GOOGL,8776600.77,8791373.98,1
2024-03-07,GOOGL,8798430.69,8791373.98,1
2024-03-08,GOOGL,8805975.94,8791373.98,1
2024-03-11,GOOGL,8822531.55,8791373.98,1
2024-03-12,GOOGL,8828611.57,8791373.98,1
2024-03-13,GOOGL,8838061.36,8791373.98,1
2024-03-14,GOOGL,8862308.5,8791373.98,1
2024-03-15,GOOGL,9839122.35,9839122.35,0
2024-03-18,GOOGL,9839122.35,9839122.35,0
2024-03-19,GOOGL,9839122.35,9839122.35,0
2024-03-20,GOOGL,9839122.35,9839122.35,0
2024-03-21,GOOGL,9839122.35,9839122.35,0
2024-03-22,GOOGL,9839122.35,9839122.35,0
2024-03-25,GOOGL,10826490.66,10822415.22,1
2024-03-26,GOOGL,10822575.75,10822415.22,1
2024-03-27,GOOGL,10821270.71,10822415.22,1
2024-03-28,GOOGL,10820879.3,10822415.22,1
2024-04-01,GOOGL,10791124.72,10822415.22,1
2024-04-02,GOOGL,11875037.8,11869123.33,1
2024-04-03,GOOGL,11872539.59,11869123.33,1
2024-04-04,GOOGL,11903004.77,11869123.33,1
2024-04-05,GOOGL,11889333.52,11869123.33,1
2024-04-08,GOOGL,11873025.37,11869123.33,1
2024-04-09,GOOGL,11860881.09,11869123.33,1
2024-04-10,GOOGL,11864073.06,11869123.33,1
2024-04-11,GOOGL,11841380.54,11869123.33,1
2024-04-12,GOOGL,13036157.51,13024270.91,1
2024-04-15,GOOGL,13057474.58,13024270.91,1
2024-04-16,GOOGL,13060891.23,13024270.91,1
2024-04-17,GOOGL,13052943.77,13024270.91,1
2024-04-18,GOOGL,13048932.9,13024270.91,1
2024-04-19,GOOGL,13063193.95,13024270.91,1
2024-04-22,GOOGL,13046927.4,13024270.91,1
2024-04-23,GOOGL,13032220.69,13024270.91,1
2024-04-24,GOOGL,13025758.55,13024270.91,1
2024-04-25,GOOGL,13049007.17,13024270.91,1
2024-04-26,GOOGL,12930536.63,13024270.91,1
2024-04-29,GOOGL,14265082.16,14222119.11,1
2024-04-30,GOOGL,14290420.61,14222119.11,1
2024-05-01,GOOGL,14289808.65,14289808.65,0
2024-05-02,GOOGL,14289808.65,14289808.65,0
2024-05-03,GOOGL,14289808.65,14289808.65,0
2024-05-06,GOOGL,14289808.65,14289808.65,0
2024-05-07,GOOGL,14289808.65,14289808.65,0
2024-05-08,GOOGL,14289808.65,14289808.65,0
2024-05-09,GOOGL,14289808.65,14289808.65,0
2024-05-10,GOOGL,14289808.65,14289808.65,0
2024-05-13,GOOGL,14289808.65,14289808.65,0
2024-05-14,GOOGL,14289808.65,14289808.65,0
2024-05-15,GOOGL,14289808.65,14289808.65,0
2024-05-16,GOOGL,15703369.97,15717916.11,1
2024-05-17,GOOGL,15687798.75,15717916.11,1
2024-05-20,GOOGL,17246421.63,17254867.98,1
2024-05-21,GOOGL,17238135.77,17254867.98,1
2024-05-22,GOOGL,17251232.5,17254867.98,1
2024-05-23,GOOGL,17276446.06,17254867.98,1
2024-05-24,GOOGL,17263616.61,17254867.98,1
2024-05-28,GOOGL,17251054.72,17254867.98,1
2024-05-29,GOOGL,17255509.21,17254867.98,1
2024-05-30,GOOGL,17289275.65,17254867.98,1
2024-05-31,GOOGL,17285801.07,17254867.98,1
2024-06-03,GOOGL,17279831.55,17254867.98,1
2024-06-04,GOOGL,17274308.05,17254867.98,1
2024-06-05,GOOGL,17259874.61,17254867.98,1
2024-06-06,GOOGL,17248114.44,17254867.98,1
2024-06-07,GOOGL,17268338.53,17254867.98,1
2024-06-10,GOOGL,17261649.11,17254867.98,1
2024-06-11,GOOGL,17247288.32,17254867.98,1
2024-06-12,GOOGL,17236852.52,17254867.98,1
2024-06-13,GOOGL,17260311.04,17254867.98,1
2024-06-14,GOOGL,17245772.19,17254867.98,1
2024-06-17,GOOGL,17241758.38,17254867.98,1
2024-06-18,GOOGL,17260935.53,17254867.98,1
2024-06-20,GOOGL,17250142.66,17254867.98,1
2024-06-21,GOOGL,17220440.48,17254867.98,1
2024-06-24,GOOGL,17219639.37,17219639.37,0
2024-06-25,GOOGL,17219639.37,17219639.37,0
2024-06-26,GOOGL,18941194.63,18940652.09,1
2024-06-27,GOOGL,18926879.1,18940652.09,1
2024-06-28,GOOGL,18957381.35,18940652.09,1
2024-07-01,GOOGL,18949521.85,18940652.09,1
2024-07-02,GOOGL,18928469.78,18940652.09,1
2024-07-03,GOOGL,18923043.1,18940652.09,1
2024-07-05,GOOGL,18878318.94,18940652.09,1
2024-07-08,GOOGL,20778713.56,20764108.61,1
2024-07-09,GOOGL,20779208.79,20764108.61,1
2024-07-10,GOOGL,20757420.95,20764108.61,1
2024-07-11,GOOGL,20812979.7,20764108.61,1
2024-07-12,GOOGL,20817931.85,20764108.61,1
2024-07-15,GOOGL,20803472.47,20764108.61,1
2024-07-16,GOOGL,20829320.92,20764108.61,1
2024-07-17,GOOGL,20858041.37,20764108.61,1
2024-07-18,GOOGL,20891020.44,20764108.61,1
2024-07-19,GOOGL,20890140.55,20890140.55,0
2024-07-22,GOOGL,20890140.55,20890140.55,0
2024-07-23,GOOGL,20890140.55,20890140.55,0
2024-07-24,GOOGL,20890140.55,20890140.55,0
2024-07-25,GOOGL,20890140.55,20890140.55,0
2024-07-26,GOOGL,18795691.87,18800232.81,1
2024-07-29,GOOGL,18827284.42,18800232.81,1
2024-07-30,GOOGL,18836774.76,18800232.81,1
2024-07-31,GOOGL,18852383.84,18800232.81,1
2024-08-01,GOOGL,18842643.85,18800232.81,1
2024-08-02,GOOGL,18791446.39,18800232.81,1
2024-08-05,GOOGL,18698915.62,18800232.81,1
2024-08-06,GOOGL,18694497.28,18708067.42,1
2024-08-07,GOOGL,18702982.32,18708067.42,1
2024-08-08,GOOGL,18743316.16,18708067.42,1
2024-08-09,GOOGL,18764723.35,18708067.42,1
2024-08-12,GOOGL,18746709.98,18708067.42,1
2024-08-13,GOOGL,18771119.83,18708067.42,1
2024-08-14,GOOGL,18721648.01,18708067.42,1
2024-08-15,GOOGL,18733787.24,18708067.42,1
2024-08-16,GOOGL,18755455.79,18708067.42,1
2024-08-19,GOOGL,18803882.93,18708067.42,1
2024-08-20,GOOGL,18810540.17,18708067.42,1
2024-08-21,GOOGL,18793179.13,18708067.42,1
2024-08-22,GOOGL,18766420.76,18708067.42,1
2024-08-23,GOOGL,18790177.47,18708067.42,1
2024-08-26,GOOGL,18797226.08,18708067.42,1
2024-08-27,GOOGL,18777907.06,18708067.42,1
2024-08-28,GOOGL,18754019.76,18708067.42,1
2024-08-29,GOOGL,18740053.13,18708067.42,1
2024-08-30,GOOGL,18760937.77,18708067.42,1
2024-09-03,GOOGL,18682357.65,18708067.42,1
2024-09-04,GOOGL,18670478.99,18708067.42,1
2024-09-05,GOOGL,18680791.42,18708067.42,1
2024-09-06,GOOGL,18598294.74,18708067.42,1
2024-09-09,GOOGL,18579735.2,18608343.36,1
2024-09-10,GOOGL,18579049.26,18608343.36,1
2024-09-11,GOOGL,18613346.35,18608343.36,1
2024-09-12,GOOGL,18661773.68,18608343.36,1
2024-09-13,GOOGL,18699774.6,18608343.36,1
2024-09-16,GOOGL,18708005.9,18608343.36,1
2024-09-17,GOOGL,18725291.3,18608343.36,1
2024-09-18,GOOGL,20792926.49,20792926.49,0
2024-09-19,GOOGL,20792926.49,20792926.49,0
2024-09-20,GOOGL,20792926.49,20792926.49,0
2024-09-23,GOOGL,20792926.49,20792926.49,0
2024-09-24,GOOGL,20792926.49,20792926.49,0
2024-09-25,GOOGL,20792926.49,20792926.49,0
2024-09-26,GOOGL,20792926.49,20792926.49,0
2024-09-27,GOOGL,22854495.56,22871123.41,1
2024-09-30,GOOGL,22830218.75,22871123.41,1
2024-10-01,GOOGL,22815652.94,22871123.41,1
2024-10-02,GOOGL,25109177.73,25094880.58,1
2024-10-03,GOOGL,25109177.73,25094880.58,1
2024-10-04,GOOGL,25092783.55,25094880.58,1
2024-10-07,GOOGL,25148525.01,25094880.58,1
2024-10-08,GOOGL,25129397.78,25094880.58,1
2024-10-09,GOOGL,25163826.39,25094880.58,1
2024-10-10,GOOGL,25160820.54,25094880.58,1
2024-10-11,GOOGL,25144972.56,25094880.58,1
2024-10-14,GOOGL,25121473.89,25094880.58,1
2024-10-15,GOOGL,25114642.6,25094880.58,1
2024-10-16,GOOGL,25118741.25,25094880.58,1
2024-10-17,GOOGL,25149207.91,25094880.58,1
2024-10-18,GOOGL,25142513.54,25094880.58,1
2024-10-21,GOOGL,25133632.92,25094880.58,1
2024-10-22,GOOGL,25119014.45,25094880.58,1
2024-10-23,GOOGL,25151257.03,25094880.58,1
2024-10-24,GOOGL,25152077.05,25094880.58,1
2024-10-25,GOOGL,25117238.32,25094880.58,1
2024-10-28,GOOGL,25097428.4,25094880.58,1
2024-10-29,GOOGL,25056988.94,25094880.58,1
2024-10-30,GOOGL,24991683.33,25094880.58,1
2024-10-31,GOOGL,27534994.35,27488257.09,1
2024-11-01,GOOGL,27532416.15,27488257.09,1
2024-11-04,GOOGL,27561780.61,27488257.09,1
2024-11-05,GOOGL,27554618.44,27488257.09,1
2024-11-06,GOOGL,27457643.34,27488257.09,1
2024-11-07,GOOGL,27396908.22,27488257.09,1
2024-11-08,GOOGL,30168783.13,30133777.43,1
2024-11-11,GOOGL,30138470.28,30133777.43,1
2024-11-12,GOOGL,30119221.99,30133777.43,1
2024-11-13,GOOGL,30160750.12,30133777.43,1
2024-11-14,GOOGL,30210766.93,30133777.43,1
2024-11-15,GOOGL,30257600.08,30133777.43,1
2024-11-18,GOOGL,30215010.58,30133777.43,1
2024-11-19,GOOGL,30172269.41,30133777.43,1
2024-11-20,GOOGL,30204704.08,30133777.43,1
2024-11-21,GOOGL,30331260.73,30133777.43,1
2024-11-22,GOOGL,30329990.39,30329990.39,0
2024-11-25,GOOGL,30329990.39,30329990.39,0
2024-11-26,GOOGL,30329990.39,30329990.39,0
2024-11-27,GOOGL,30329990.39,30329990.39,0
2024-11-29,GOOGL,30329990.39,30329990.39,0
2024-12-02,GOOGL,30329990.39,30329990.39,0
2024-12-03,GOOGL,30329990.39,30329990.39,0
2024-12-04,GOOGL,30329990.39,30329990.39,0
2024-12-05,GOOGL,30329990.39,30329990.39,0
2024-12-06,GOOGL,30329990.39,30329990.39,0
2024-12-09,GOOGL,30329990.39,30329990.39,0
2024-12-10,GOOGL,30329990.39,30329990.39,0
2024-12-11,GOOGL,30329990.39,30329990.39,0
2024-12-12,GOOGL,33413201.4,33361324.84,1
2024-12-13,GOOGL,33446416.94,33361324.84,1
2024-12-16,GOOGL,33340251.49,33361324.84,1
2024-12-17,GOOGL,33359497.91,33361324.84,1
2024-12-18,GOOGL,33468457.38,33361324.84,1
2024-12-19,GOOGL,33466749.99,33361324.84,1
2024-12-20,GOOGL,33421738.1,33361324.84,1
2024-12-23,GOOGL,33371759.65,33361324.84,1
2024-12-24,GOOGL,33348788.19,33361324.84,1
2024-12-26,GOOGL,33356703.9,33361324.84,1
2024-12-27,GOOGL,33400784.77,33361324.84,1
2024-12-30,GOOGL,33424376.75,33361324.84,1
2024-12-31,GOOGL,33454488.02,33361324.84,1
2025-01-02,GOOGL,33452470.13,33361324.84,1
2025-01-03,GOOGL,33415840.28,33361324.84,1
2025-01-06,GOOGL,33336992.32,33361324.84,1
2025-01-07,GOOGL,33358411.29,33361324.84,1
2025-01-08,GOOGL,33382314.24,33361324.84,1
2025-01-10,GOOGL,33411959.88,33361324.84,1
2025-01-13,GOOGL,33427946.89,33361324.84,1
2025-01-14,GOOGL,33448900.46,33361324.84,1
2025-01-15,GOOGL,33357480.03,33361324.84,1
2025-01-16,GOOGL,33398455.91,33361324.84,1
2025-01-17,GOOGL,33350495.82,33361324.84,1
2025-01-21,GOOGL,33318676.93,33361324.84,1
2025-01-22,GOOGL,33313710.37,33361324.84,1
2025-01-23,GOOGL,33319763.32,33361324.84,1
2025-01-24,GOOGL,33285151.12,33361324.84,1
2025-01-27,GOOGL,33283597.37,33283597.37,0
2025-01-28,GOOGL,33283597.37,33283597.37,0
2025-01-29,GOOGL,33283597.37,33283597.37,0
2025-01-30,GOOGL,33283597.37,33283597.37,0
2025-01-31,GOOGL,33283597.37,33283597.37,0
2025-02-03,GOOGL,33283597.37,33283597.37,0
2025-02-04,GOOGL,33283597.37,33283597.37,0
2025-02-05,GOOGL,33283597.37,33283597.37,0
2025-02-06,GOOGL,33283597.37,33283597.37,0
2025-02-07,GOOGL,33283597.37,33283597.37,0
2025-02-10,GOOGL,33283597.37,33283597.37,0
2025-02-11,GOOGL,33283597.37,33283597.37,0
2025-02-12,GOOGL,33283597.37,33283597.37,0
2025-02-13,GOOGL,33283597.37,33283597.37,0
2025-02-14,GOOGL,33283597.37,33283597.37,0
2025-02-18,GOOGL,33283597.37,33283597.37,0
2025-02-19,GOOGL,33283597.37,33283597.37,0
2025-02-20,GOOGL,33283597.37,33283597.37,0
2025-02-21,GOOGL,33283597.37,33283597.37,0
2025-02-24,GOOGL,29944408.08,29953667.86,1
2025-02-25,GOOGL,29873455.92,29953667.86,1
2025-02-26,GOOGL,29827441.87,29880014.03,1
2025-02-27,GOOGL,29747382.94,29880014.03,1
2025-02-28,GOOGL,29792469.28,29759191.19,1
2025-03-03,GOOGL,29728297.46,29759191.19,1
2025-03-04,GOOGL,29805028.2,29759191.19,1
2025-03-05,GOOGL,29846239.7,29759191.19,1
2025-03-06,GOOGL,29833091.15,29759191.19,1
2025-03-07,GOOGL,29862723.82,29759191.19,1
2025-03-10,GOOGL,29709674.46,29759191.19,1
2025-03-11,GOOGL,29673720.51,29759191.19,1
2025-03-12,GOOGL,29740968.36,29680896.62,1
2025-03-13,GOOGL,29653514.86,29680896.62,1
2025-03-14,GOOGL,29708399.25,29680896.62,1
2025-03-17,GOOGL,29684273.62,29680896.62,1
2025-03-18,GOOGL,29611496.57,29680896.62,1
2025-03-19,GOOGL,32909437.67,32909437.67,0
2025-03-20,GOOGL,32909437.67,32909437.67,0
2025-03-21,GOOGL,32909437.67,32909437.67,0
2025-03-24,GOOGL,32909437.67,32909437.67,0
2025-03-25,GOOGL,32909437.67,32909437.67,0
2025-03-26,GOOGL,32909437.67,32909437.67,0
2025-03-27,GOOGL,32909437.67,32909437.67,0
2025-03-28,GOOGL,32909437.67,32909437.67,0
2025-03-31,GOOGL,32909437.67,32909437.67,0
2025-04-01,GOOGL,32909437.67,32909437.67,0
2025-04-02,GOOGL,32909437.67,32909437.67,0
2025-04-03,GOOGL,32909437.67,32909437.67,0
2025-04-04,GOOGL,32909437.67,32909437.67,0
2025-04-07,GOOGL,29641197.46,29616849.9,1
2025-04-08,GOOGL,29594862.27,29616849.9,1
2025-04-09,GOOGL,29911524.83,29616849.9,1
2025-04-10,GOOGL,33202318.96,33202318.96,0
2025-04-11,GOOGL,33202318.96,33202318.96,0
2025-04-14,GOOGL,33202318.96,33202318.96,0
2025-04-15,GOOGL,33202318.96,33202318.96,0
2025-04-16,GOOGL,33202318.96,33202318.96,0
2025-04-17,GOOGL,33202318.96,33202318.96,0
2025-04-21,GOOGL,33202318.96,33202318.96,0
2025-04-22,GOOGL,33202318.96,33202318.96,0
2025-04-23,GOOGL,33202318.96,33202318.96,0
2025-04-24,GOOGL,33202318.96,33202318.96,0
2025-04-25,GOOGL,33202318.96,33202318.96,0
2025-04-28,GOOGL,33202318.96,33202318.96,0
2025-04-29,GOOGL,33202318.96,33202318.96,0
2025-04-30,GOOGL,33202318.96,33202318.96,0
2025-05-01,GOOGL,33202318.96,33202318.96,0
2025-05-02,GOOGL,33202318.96,33202318.96,0
2025-05-05,GOOGL,33202318.96,33202318.96,0
2025-05-06,GOOGL,33202318.96,33202318.96,0
2025-05-07,GOOGL,33202318.96,33202318.96,0
2025-05-08,GOOGL,33202318.96,33202318.96,0
2025-05-09,GOOGL,33202318.96,33202318.96,0
2025-05-12,GOOGL,33202318.96,33202318.96,0
2025-05-13,GOOGL,33202318.96,33202318.96,0
2025-05-14,GOOGL,33202318.96,33202318.96,0
2025-05-15,GOOGL,33202318.96,33202318.96,0
2025-05-16,GOOGL,33202318.96,33202318.96,0
2025-05-19,GOOGL,33202318.96,33202318.96,0
2025-05-20,GOOGL,33202318.96,33202318.96,0
2025-05-21,GOOGL,33202318.96,33202318.96,0
2025-05-22,GOOGL,33202318.96,33202318.96,0
2025-05-23,GOOGL,33202318.96,33202318.96,0
2025-05-27,GOOGL,33202318.96,33202318.96,0
2025-05-28,GOOGL,33202318.96,33202318.96,0
2025-05-29,GOOGL,36528836.07,36520864.79,1
2025-05-30,GOOGL,36531147.31,36520864.79,1
2025-06-02,GOOGL,36583350.94,36520864.79,1
2025-06-03,GOOGL,36638251.31,36520864.79,1
2025-06-04,GOOGL,36602228.48,36520864.79,1
2025-06-05,GOOGL,36599146.82,36520864.79,1
2025-06-06,GOOGL,36493777.14,36520864.79,1
2025-06-09,GOOGL,36443246.19,36520864.79,1
2025-06-10,GOOGL,36441548.11,36441548.11,0
2025-06-11,GOOGL,40107385.07,40083703.53,1
2025-06-12,GOOGL,40141050.29,40083703.53,1
2025-06-13,GOOGL,40162065.61,40083703.53,1
2025-06-16,GOOGL,40119218.69,40083703.53,1
2025-06-17,GOOGL,40135949.58,40083703.53,1
2025-06-18,GOOGL,40189609.17,40083703.53,1
2025-06-20,GOOGL,40325901.62,40083703.53,1
2025-06-23,GOOGL,40324201.64,40324201.64,0
2025-06-24,GOOGL,40324201.64,40324201.64,0
2025-06-25,GOOGL,40324201.64,40324201.64,0
2025-06-26,GOOGL,40324201.64,40324201.64,0
2025-06-27,GOOGL,40324201.64,40324201.64,0
2025-06-30,GOOGL,40324201.64,40324201.64,0
2025-07-01,GOOGL,40324201.64,40324201.64,0
2025-07-02,GOOGL,40324201.64,40324201.64,0
2025-07-03,GOOGL,40324201.64,40324201.64,0
2025-07-07,GOOGL,40324201.64,40324201.64,0
2025-07-08,GOOGL,40324201.64,40324201.64,0
2025-07-09,GOOGL,40324201.64,40324201.64,0
2025-07-10,GOOGL,40324201.64,40324201.64,0
2025-07-11,GOOGL,40324201.64,40324201.64,0
2025-07-14,GOOGL,44321902.79,44354577.47,1
2025-07-15,GOOGL,44312055.88,44354577.47,1
2025-07-16,GOOGL,44290349.0,44354577.47,1
2025-07-17,GOOGL,44276697.76,44354577.47,1
2025-07-18,GOOGL,44243577.89,44354577.47,1
2025-07-21,GOOGL,44241507.2,44241507.2,0
2025-07-22,GOOGL,48632335.1,48663405.15,1
2025-07-23,GOOGL,48658167.85,48663405.15,1
2025-07-24,GOOGL,48613019.08,48663405.15,1
2025-07-25,GOOGL,48589513.99,48663405.15,1
2025-07-28,GOOGL,48603477.1,48663405.15,1
2025-07-29,GOOGL,48529703.11,48663405.15,1
2025-07-30,GOOGL,53355902.52,53377665.11,1
2025-07-31,GOOGL,53470681.07,53377665.11,1
2025-08-01,GOOGL,53539349.53,53377665.11,1
2025-08-04,GOOGL,53392840.55,53377665.11,1
2025-08-05,GOOGL,53402012.6,53377665.11,1
2025-08-06,GOOGL,53366810.56,53377665.11,1
2025-08-07,GOOGL,53356150.47,53377665.11,1
2025-08-08,GOOGL,53234679.32,53377665.11,1
2025-08-11,GOOGL,53232182.71,53232182.71,0
2025-08-12,GOOGL,53232182.71,53232182.71,0
2025-08-13,GOOGL,58586017.94,58552553.94,1
2025-08-14,GOOGL,58560363.85,58552553.94,1
2025-08-15,GOOGL,58535233.0,58552553.94,1
2025-08-18,GOOGL,58545704.02,58552553.94,1
2025-08-19,GOOGL,58596227.14,58552553.94,1
2025-08-20,GOOGL,58655127.87,58552553.94,1
2025-08-21,GOOGL,58643871.38,58552553.94,1
2025-08-22,GOOGL,58477903.22,58552553.94,1
2025-08-25,GOOGL,58415075.5,58552553.94,1
2025-08-26,GOOGL,64285560.82,64250658.53,1
2025-08-27,GOOGL,64276035.14,64250658.53,1
2025-08-28,GOOGL,64159484.89,64250658.53,1
2025-08-29,GOOGL,64123903.72,64250658.53,1
2025-09-02,GOOGL,70573512.1,70529737.08,1
2025-09-03,GOOGL,69991969.92,70529737.08,1
2025-09-04,GOOGL,76930561.19,76983822.33,1
2025-09-05,GOOGL,76848636.27,76983822.33,1
2025-09-08,GOOGL,76871413.89,76983822.33,1
2025-09-09,GOOGL,76701646.21,76983822.33,1
2025-09-10,GOOGL,84374783.96,84363895.17,1
2025-09-11,GOOGL,84336375.9,84363895.17,1
2025-09-12,GOOGL,84322613.22,84363895.17,1
2025-09-15,GOOGL,83976622.77,84363895.17,1
2025-09-16,GOOGL,92376363.98,92365544.5,1
2025-09-17,GOOGL,92430763.17,92365544.5,1
2025-09-18,GOOGL,92347328.88,92365544.5,1
2025-09-19,GOOGL,92257553.56,92365544.5,1
2025-09-22,GOOGL,92330642.32,92365544.5,1
2025-09-23,GOOGL,92359676.92,92365544.5,1
2025-09-24,GOOGL,92510526.45,92365544.5,1
2025-09-25,GOOGL,92555580.61,92365544.5,1
2025-09-26,GOOGL,92530550.52,92365544.5,1
2025-09-29,GOOGL,92613650.81,92365544.5,1
2025-09-30,GOOGL,92645355.41,92365544.5,1
2025-10-01,GOOGL,92585283.21,92365544.5,1
2025-10-02,GOOGL,92558918.12,92365544.5,1
2025-10-03,GOOGL,92570264.65,92365544.5,1
2025-10-06,GOOGL,92400727.07,92365544.5,1
2025-10-07,GOOGL,92556582.12,92365544.5,1
2025-10-08,GOOGL,92594627.74,92365544.5,1
2025-10-09,GOOGL,92697752.61,92365544.5,1
2025-10-10,GOOGL,92863285.17,92365544.5,1
2025-10-13,GOOGL,83861808.68,83568925.02,1
2025-10-14,GOOGL,83912835.73,83568925.02,1
2025-10-15,GOOGL,84131860.22,83568925.02,1
2025-10-16,GOOGL,93417346.1,93417346.1,0
2025-10-17,GOOGL,93417346.1,93417346.1,0
2025-10-20,GOOGL,93417346.1,93417346.1,0
2025-10-21,GOOGL,93417346.1,93417346.1,0
2025-10-22,GOOGL,93417346.1,93417346.1,0
2025-10-23,GOOGL,93417346.1,93417346.1,0
2025-10-24,GOOGL,93417346.1,93417346.1,0
2025-10-27,GOOGL,93417346.1,93417346.1,0
2025-10-28,GOOGL,102811927.62,102754154.45,1
2025-10-29,GOOGL,102565615.51,102754154.45,1
2025-10-30,GOOGL,112548569.07,112811808.45,1
2025-10-31,GOOGL,123797980.46,123792011.22,1
2025-11-03,GOOGL,123696823.75,123792011.22,1
2025-11-04,GOOGL,123943917.33,123792011.22,1
2025-11-05,GOOGL,123673235.06,123792011.22,1
2025-11-06,GOOGL,123655641.89,123792011.22,1
2025-11-07,GOOGL,123892338.91,123792011.22,1
2025-11-10,GOOGL,123441734.49,123792011.22,1
2025-11-11,GOOGL,135715627.77,135773284.72,1
2025-11-12,GOOGL,135911354.97,135773284.72,1
2025-11-13,GOOGL,136257704.58,135773284.72,1
2025-11-14,GOOGL,136349611.03,135773284.72,1
2025-11-17,GOOGL,135983263.39,135773284.72,1
2025-11-18,GOOGL,136014749.24,135773284.72,1
2025-11-19,GOOGL,135651804.39,135773284.72,1
2025-11-20,GOOGL,135794769.54,135773284.72,1
2025-11-21,GOOGL,135360341.45,135773284.72,1
2025-11-24,GOOGL,135353966.31,135353966.31,0
2025-11-25,GOOGL,148669225.52,148882477.23,1
2025-11-26,GOOGL,148817501.12,148882477.23,1
2025-11-28,GOOGL,148807729.82,148882477.23,1
2025-12-01,GOOGL,149032481.53,148882477.23,1
2025-12-02,GOOGL,148993396.31,148882477.23,1
2025-12-03,GOOGL,148831098.63,148882477.23,1
2025-12-04,GOOGL,148916495.64,148882477.23,1
2025-12-05,GOOGL,148761421.93,148882477.23,1
2025-12-08,GOOGL,149073472.72,148882477.23,1
2025-12-09,GOOGL,148930626.77,148882477.23,1
2025-12-10,GOOGL,148797557.32,148882477.23,1
2025-12-11,GOOGL,149128317.19,148882477.23,1
2025-12-12,GOOGL,149261809.89,148882477.23,1
2025-12-15,GOOGL,149307301.13,148882477.23,1
2025-12-16,GOOGL,149377449.13,148882477.23,1
2025-12-17,GOOGL,149796213.07,148882477.23,1
2025-12-18,GOOGL,135085831.04,134803556.88,1
2025-12-19,GOOGL,135323095.05,134803556.88,1
2025-12-22,GOOGL,135455355.31,134803556.88,1
2025-12-23,GOOGL,135686056.49,134803556.88,1
2025-12-24,GOOGL,150664470.87,150664470.87,0
2025-12-26,GOOGL,150664470.87,150664470.87,0
2025-12-29,GOOGL,150664470.87,150664470.87,0
2025-12-30,GOOGL,150664470.87,150664470.87,0
